Flowcell,Lane,Project,Sample,Barcode1,Barcode2,PfClusterCount
22VTWJLT3,3,24471Fie,24471Fie_A-R1-10,TAGCAGAGGA,ACAGCCGCCA,17285387
22VTWJLT3,3,24471Fie,24471Fie_A-R1-20,ACATTCGGAT,ATTGGCAAAC,18918726
22VTWJLT3,3,24471Fie,24471Fie_A-R1-30,CTACGAGAGA,GAGTCGAGGG,16133387
22VTWJLT3,3,24471Fie,24471Fie_A-R2-10,AATCGAGTTG,CAATTAGTCT,22415739
22VTWJLT3,3,24471Fie,24471Fie_A-R2-20,CGCAACCATG,AGGAGAAACT,19575602
22VTWJLT3,3,24471Fie,24471Fie_A-R2-30,TCCCAAATAG,CCAGCGGTTG,15268101
22VTWJLT3,3,24471Fie,24471Fie_A-R3-10,TGATTATTGT,AATTAGCTAC,18586045
22VTWJLT3,3,24471Fie,24471Fie_A-R3-20,ATGCGGTTGC,AGTAATCTCG,16180908
22VTWJLT3,3,24471Fie,24471Fie_A-R3-30,AGTATTCCGA,CATCAGTATT,20308553
22VTWJLT3,3,24471Fie,24471Fie_A-R4-10,CATCAAACGT,TGCCTGTTAA,20858362
22VTWJLT3,3,24471Fie,24471Fie_A-R4-20,ATATACCAGA,ACGACTTGCG,16683751
22VTWJLT3,3,24471Fie,24471Fie_A-R4-30,TCTTGCACTT,CTAAGCACGA,22315637
22VTWJLT3,3,24471Fie,24471Fie_A-R5-10,ACCACCAAGT,ATCCGGGAAG,20826692
22VTWJLT3,3,24471Fie,24471Fie_A-R5-20,GCATTCAACA,TGCTATGTTG,16513510
22VTWJLT3,3,24471Fie,24471Fie_A-R5-30,TATCGAGTAC,CAGTTATTTA,21352627
22VTWJLT3,3,24471Fie,24471Fie_A-R6-10,TGTTGTGGGC,CCCAGGTTTG,21166712
22VTWJLT3,3,24471Fie,24471Fie_A-R6-20,TGATAATATA,GCTGGCCCGC,13103216
22VTWJLT3,3,24471Fie,24471Fie_A-R6-30,AACCTTACCT,ATTGGGTAAA,16462420
22VTWJLT3,3,24471Fie,24471Fie_B-R1-10,GTGAGCGGCT,GTAGACTGCG,19076172
22VTWJLT3,3,24471Fie,24471Fie_B-R1-20,AATATTAACT,TACCTTTGTT,18437341
22VTWJLT3,3,24471Fie,24471Fie_B-R1-30,ACTCCCATAT,ATTTAGAATA,421739
22VTWJLT3,3,24471Fie,24471Fie_B-R2-10,TGATTCACGC,AGTCGGCTCG,24111146
22VTWJLT3,3,24471Fie,24471Fie_B-R2-20,TAGGCTTACT,CCTGATGCCG,17670753
22VTWJLT3,3,24471Fie,24471Fie_B-R2-30,CATCATCGCT,TTAGGTGGGA,20005915
22VTWJLT3,3,24471Fie,24471Fie_B-R3-10,ATGACGTCAT,CTCCGCCACG,19155964
22VTWJLT3,3,24471Fie,24471Fie_B-R3-20,TAATTGCCCA,GCAATGCTGT,17822638
22VTWJLT3,3,24471Fie,24471Fie_B-R3-30,CTGACGAAAC,CACGTGGATA,15984113
22VTWJLT3,3,24471Fie,24471Fie_B-R4-10,GCATAATATG,GTACCGATCA,16191870
22VTWJLT3,3,24471Fie,24471Fie_B-R4-20,ACGCTGATTC,GCCTCAAAGG,16515649
22VTWJLT3,3,24471Fie,24471Fie_B-R4-30,AACAAAGTGT,CTCCTGGTGA,21365193
22VTWJLT3,3,24471Fie,24471Fie_B-R5-10,ATCCCACACG,ACTTGTTGTG,20256982
22VTWJLT3,3,24471Fie,24471Fie_B-R5-20,GCTGAGTTCT,ACAAAGTTCA,19797117
22VTWJLT3,3,24471Fie,24471Fie_B-R5-30,ACAGACTAAG,TTCAATATGC,18641231
22VTWJLT3,3,24471Fie,24471Fie_B-R6-10,ATGTACTCGA,AGATGGGCAG,19813361
22VTWJLT3,3,24471Fie,24471Fie_B-R6-20,CAATGTGCTG,AGAAACAATC,18501923
22VTWJLT3,3,24471Fie,24471Fie_B-R6-30,GATCCGGCTA,ACCCTGTTGA,21334962
22VTWJLT3,3,24471Fie,24471Fie_C-R1-10,CAAGAGATAG,ATCGTACCCG,21911421
22VTWJLT3,3,24471Fie,24471Fie_C-R1-20,TGGTGCGAAT,TACCCGCTTC,774
22VTWJLT3,3,24471Fie,24471Fie_C-R1-30,CTAGAGCTGG,AAACGGGTCA,20426773
22VTWJLT3,3,24471Fie,24471Fie_C-R2-10,CGCAAGGTCG,CGAGATATGT,17238064
22VTWJLT3,3,24471Fie,24471Fie_C-R2-20,CACATTCGCT,ATCCATCCCA,19240111
22VTWJLT3,3,24471Fie,24471Fie_C-R2-30,GTTGTATGTA,ATGCGTGACG,20498191
22VTWJLT3,3,24471Fie,24471Fie_C-R3-10,GAGCAGTCTC,ATCGCGTAAG,19058158
22VTWJLT3,3,24471Fie,24471Fie_C-R3-20,CAGCAATGGT,ACATAGTATC,17513763
22VTWJLT3,3,24471Fie,24471Fie_C-R3-30,ACCCACAACT,CGGTGGTAAG,18422399
22VTWJLT3,3,24471Fie,24471Fie_C-R4-10,CCTACCGGCA,GCTAAGATCA,21195721
22VTWJLT3,3,24471Fie,24471Fie_C-R4-20,TCATGCTGGA,TACCATCTTA,17235097
22VTWJLT3,3,24471Fie,24471Fie_C-R4-30,TTAAAGTATA,TGTAACGCCA,20291108
22VTWJLT3,3,24471Fie,24471Fie_C-R5-10,ATGTGCCAGC,CTTCGGCCTG,16068979
22VTWJLT3,3,24471Fie,24471Fie_C-R5-20,TATACTCGAA,AGAACTTGAC,17646844
22VTWJLT3,3,24471Fie,24471Fie_C-R5-30,GTCTCCACGC,CATCGAACCA,18306564
22VTWJLT3,3,24471Fie,24471Fie_C-R6-10,TTATCGGATG,CTCGTACTGA,19940760
22VTWJLT3,3,24471Fie,24471Fie_C-R6-20,CGTAATCCGT,ACACCATCAT,18875169
22VTWJLT3,3,24471Fie,24471Fie_C-R6-30,ATAATGTGAC,TCCCTGGCAC,17868503
22VTWJLT3,3,24471Fie,24471Fie_D-R1-10,GAACAGCCGG,GTGTACTTGA,15971630
22VTWJLT3,3,24471Fie,24471Fie_D-R1-20,TGGGTAGCCT,GCGGTGCAGG,18565137
22VTWJLT3,3,24471Fie,24471Fie_D-R1-30,GTGAAGGGAT,TTTGTGTATC,15723951
22VTWJLT3,3,24471Fie,24471Fie_D-R2-10,GTATGGCTTC,CCGATCGCCA,15700720
22VTWJLT3,3,24471Fie,24471Fie_D-R2-20,TGTTTCGTGT,TTCCGGAGGC,20338138
22VTWJLT3,3,24471Fie,24471Fie_D-R2-30,GCCCTCTGCA,CGTATCGGTG,16606640
22VTWJLT3,3,24471Fie,24471Fie_D-R3-10,ACGACCGCAC,GAGCTTAACA,19623617
22VTWJLT3,3,24471Fie,24471Fie_D-R3-20,CGGACCTGAG,CGCAACCCTA,19168103
22VTWJLT3,3,24471Fie,24471Fie_D-R3-30,CAGCTTCACT,ACCTAGCACT,19715809
22VTWJLT3,3,24471Fie,24471Fie_D-R4-10,CCCGTCCTTT,GATAGATCCT,18600217
22VTWJLT3,3,24471Fie,24471Fie_D-R4-20,CGACCAACAT,GCTGGGTCCT,15760067
22VTWJLT3,3,24471Fie,24471Fie_D-R4-30,TAAACGGTGG,AGCGCGCGTT,19364894
22VTWJLT3,3,24471Fie,24471Fie_D-R5-10,ATACAATTGC,TACATCTTAT,17907144
22VTWJLT3,3,24471Fie,24471Fie_D-R5-20,CTGACTCAGG,CGGTGATTCT,18873206
22VTWJLT3,3,24471Fie,24471Fie_D-R5-30,TTGCGGCCGG,CGGCTGCGTG,19317904
22VTWJLT3,3,24471Fie,24471Fie_D-R6-10,TCCGCTGTGC,ACCCGTTCGT,21312849
22VTWJLT3,3,24471Fie,24471Fie_D-R6-20,CCCGGTTTAT,CCGTTTCCTC,17042141
22VTWJLT3,3,24471Fie,24471Fie_D-R6-30,TGAGGGCCTT,CACCTATGCT,19378705
22VTWJLT3,3,24471Fie,24471Fie_Ext-Blank-1,TCCTTGAGTC,GACTATTGGA,23909
22VTWJLT3,3,24471Fie,24471Fie_Ext-Blank-2,CAGACTTATC,GAGGTACTGC,63163
22VTWJLT3,3,24471Fie,24471Fie_Ext-Blank-3,AGAAGATTAA,CTCGCGGACA,20796